[{ "ID": 1, "Name": "Carl", "Surname": "Gallacher", "Country": "Spain", "City": "Barcelona", "Age": 29, "Registration": "2011-11-15 08:51:45" }, { "ID": 2, "Name": "Sarah", "Surname": "Aspell", "Country": "France", "City": "Bordeaux", "Age": 36, "Registration": "2018-08-27 04:29:28" }, { "ID": 3, "Name": "Ivan", "Surname": "Kane", "Country": "Mexico", "City": "Monterrey", "Age": 64, "Registration": "2012-06-03 10:10:30" }, { "ID": 4, "Name": "Melissa", "Surname": "Gallacher", "Country": "China", "City": "Beijing", "Age": 28, "Registration": "2010-05-14 19:30:45" }, { "ID": 5, "Name": "Andrew", "Surname": "Anderson", "Country": "Mexico", "City": "Mexico City", "Age": 67, "Registration": "2018-12-02 22:02:27" }, { "ID": 6, "Name": "Ryan", "Surname": "Ferguson", "Country": "Honduras", "City": "Choloma", "Age": 62, "Registration": "2010-07-11 04:20:45" }, { "ID": 7, "Name": "Andrew", "Surname": "Chang", "Country": "Japan", "City": "Osaka", "Age": 63, "Registration": "2017-01-02 14:17:59" }, { "ID": 8, "Name": "Samantha", "Surname": "Kane", "Country": "South Africa", "City": "Cape Town", "Age": 39, "Registration": "2011-12-31 08:39:57" }, { "ID": 9, "Name": "Samantha", "Surname": "Hammer", "Country": "Canada", "City": "Calgary", "Age": 77, "Registration": "2019-10-30 07:02:55" }, { "ID": 10, "Name": "Steve", "Surname": "Smith", "Country": "France", "City": "Nice", "Age": 25, "Registration": "2014-11-06 13:57:59" }, { "ID": 11, "Name": "Peter", "Surname": "Warner", "Country": "Spain", "City": "Valencia", "Age": 63, "Registration": "2016-02-15 02:24:02" }, { "ID": 12, "Name": "Ryan", "Surname": "Chang", "Country": "South Africa", "City": "Queenstown", "Age": 59, "Registration": "2012-01-11 01:08:53" }, { "ID": 13, "Name": "Ivan", "Surname": "Dunn", "Country": "France", "City": "Lil", "Age": 24, "Registration": "2012-09-16 23:06:21" }, { "ID": 14, "Name": "Anne", "Surname": "Chang", "Country": "Canada", "City": "Edmonton", "Age": 37, "Registration": "2015-03-29 16:34:57" }, { "ID": 15, "Name": "Benji", "Surname": "Chang", "Country": "England", "City": "Manchester", "Age": 66, "Registration": "2010-11-02 07:38:09" }, { "ID": 16, "Name": "Carl", "Surname": "Phillips", "Country": "Japan", "City": "Seto", "Age": 52, "Registration": "2020-10-25 12:02:32" }, { "ID": 17, "Name": "Anne", "Surname": "Foreman", "Country": "Spain", "City": "Seville", "Age": 62, "Registration": "2018-01-21 13:30:27" }, { "ID": 18, "Name": "Melissa", "Surname": "Smith", "Country": "Mexico", "City": "Monterrey", "Age": 56, "Registration": "2015-03-24 07:18:56" }, { "ID": 19, "Name": "Melissa", "Surname": "Thompson", "Country": "Mexico", "City": "Morelia", "Age": 20, "Registration": "2016-08-29 04:48:48" }, { "ID": 20, "Name": "Andrew", "Surname": "Kane", "Country": "Australia", "City": "Melbourne", "Age": 86, "Registration": "2017-11-19 15:57:13" }, { "ID": 21, "Name": "Ryan", "Surname": "Chang", "Country": "England", "City": "Belfast", "Age": 65, "Registration": "2014-05-12 02:28:20" }, { "ID": 22, "Name": "Julie", "Surname": "Aspell", "Country": "Canada", "City": "Montreal", "Age": 80, "Registration": "2010-07-02 14:21:18" }, { "ID": 23, "Name": "Mark", "Surname": "Phillips", "Country": "Mexico", "City": "Morelia", "Age": 22, "Registration": "2014-06-21 03:41:05" }, { "ID": 24, "Name": "Carl", "Surname": "Gallacher", "Country": "Australia", "City": "Melbourne", "Age": 58, "Registration": "2012-07-30 09:08:48" }, { "ID": 25, "Name": "Julie", "Surname": "Kane", "Country": "Mexico", "City": "Mexico City", "Age": 20, "Registration": "2015-12-02 04:42:34" }, { "ID": 26, "Name": "Julie", "Surname": "Chang", "Country": "Honduras", "City": "Choloma", "Age": 90, "Registration": "2013-12-22 04:07:39" }, { "ID": 27, "Name": "Sarah", "Surname": "Phillips", "Country": "Japan", "City": "Tahara", "Age": 66, "Registration": "2018-09-10 05:36:19" }, { "ID": 28, "Name": "Benji", "Surname": "Kane", "Country": "Spain", "City": "Seville", "Age": 82, "Registration": "2012-04-01 07:02:41" }, { "ID": 29, "Name": "Mark", "Surname": "Anderson", "Country": "China", "City": "Shanghai", "Age": 90, "Registration": "2020-03-24 08:08:38" }, { "ID": 30, "Name": "Paul", "Surname": "Dunn", "Country": "France", "City": "Lyon", "Age": 55, "Registration": "2012-11-03 09:25:45" }, { "ID": 31, "Name": "Steve", "Surname": "Ferguson", "Country": "Japan", "City": "Osaka", "Age": 15, "Registration": "2015-12-27 07:14:52" }, { "ID": 32, "Name": "Paul", "Surname": "Kane", "Country": "Japan", "City": "Tahara", "Age": 49, "Registration": "2016-01-05 02:42:04" }, { "ID": 33, "Name": "Melissa", "Surname": "Dunn", "Country": "China", "City": "Beijing", "Age": 28, "Registration": "2018-05-21 21:18:11" }, { "ID": 34, "Name": "Steve", "Surname": "Gallacher", "Country": "Honduras", "City": "Choloma", "Age": 76, "Registration": "2012-08-13 16:11:50" }, { "ID": 35, "Name": "Ivan", "Surname": "Chang", "Country": "Japan", "City": "Nagoya", "Age": 28, "Registration": "2014-02-27 13:27:23" }, { "ID": 36, "Name": "Samantha", "Surname": "Gallacher", "Country": "South Africa", "City": "Kimberley", "Age": 84, "Registration": "2020-05-12 04:15:27" }, { "ID": 37, "Name": "Peter", "Surname": "Smith", "Country": "South Africa", "City": "Virginia", "Age": 36, "Registration": "2019-07-21 05:29:31" }, { "ID": 38, "Name": "Steve", "Surname": "Warner", "Country": "China", "City": "Hong Kong", "Age": 58, "Registration": "2013-05-02 20:00:09" }, { "ID": 39, "Name": "Benji", "Surname": "Kane", "Country": "South Africa", "City": "Queenstown", "Age": 36, "Registration": "2010-09-18 14:45:45" }, { "ID": 40, "Name": "Margaret", "Surname": "Burnard", "Country": "China", "City": "Hong Kong", "Age": 65, "Registration": "2016-10-23 21:15:56" }, { "ID": 41, "Name": "Peter", "Surname": "Gallacher", "Country": "France", "City": "Nice", "Age": 78, "Registration": "2011-01-17 14:23:43" }, { "ID": 42, "Name": "Paul", "Surname": "Foreman", "Country": "Spain", "City": "Madrid", "Age": 56, "Registration": "2016-06-24 07:49:27" }, { "ID": 43, "Name": "Paul", "Surname": "Smith", "Country": "Japan", "City": "Seto", "Age": 75, "Registration": "2013-03-18 07:47:41" }, { "ID": 44, "Name": "Julie", "Surname": "Chang", "Country": "Honduras", "City": "San Pedro Sula", "Age": 26, "Registration": "2015-05-15 09:47:47" }, { "ID": 45, "Name": "Ryan", "Surname": "Phillips", "Country": "Honduras", "City": "San Pedro Sula", "Age": 70, "Registration": "2015-10-16 12:06:10" }, { "ID": 46, "Name": "Sarah", "Surname": "Aspell", "Country": "Mexico", "City": "Morelia", "Age": 79, "Registration": "2020-04-14 18:24:18" }, { "ID": 47, "Name": "Ivan", "Surname": "Chang", "Country": "Canada", "City": "Toronto", "Age": 84, "Registration": "2020-11-23 12:37:32" }, { "ID": 48, "Name": "Benji", "Surname": "Aspell", "Country": "Australia", "City": "Hobart", "Age": 85, "Registration": "2013-11-09 00:58:22" }, { "ID": 49, "Name": "Andrew", "Surname": "Aspell", "Country": "South Africa", "City": "Virginia", "Age": 61, "Registration": "2017-12-24 17:17:44" }, { "ID": 50, "Name": "Melissa", "Surname": "Kane", "Country": "England", "City": "Bristol", "Age": 80, "Registration": "2012-12-09 11:59:26" }, { "ID": 51, "Name": "Ryan", "Surname": "Burnard", "Country": "Australia", "City": "Canberra", "Age": 41, "Registration": "2018-11-19 06:54:50" }, { "ID": 52, "Name": "Peter", "Surname": "Burnard", "Country": "China", "City": "Shanghai", "Age": 24, "Registration": "2010-01-25 19:17:42" }, { "ID": 53, "Name": "Margaret", "Surname": "Anderson", "Country": "Honduras", "City": "San Pedro Sula", "Age": 50, "Registration": "2020-10-20 17:22:53" }, { "ID": 54, "Name": "Samantha", "Surname": "Aspell", "Country": "France", "City": "Paris", "Age": 84, "Registration": "2012-05-17 15:10:25" }, { "ID": 55, "Name": "Benji", "Surname": "Kane", "Country": "Mexico", "City": "Monterrey", "Age": 32, "Registration": "2014-09-16 02:37:28" }, { "ID": 56, "Name": "Samantha", "Surname": "Anderson", "Country": "China", "City": "Shanghai", "Age": 81, "Registration": "2014-08-29 07:34:36" }, { "ID": 57, "Name": "Sarah", "Surname": "Dunn", "Country": "Honduras", "City": "Tegucigalpa", "Age": 76, "Registration": "2012-02-07 00:58:00" }, { "ID": 58, "Name": "Anne", "Surname": "Chang", "Country": "Japan", "City": "Nagoya", "Age": 31, "Registration": "2021-07-30 06:07:15" }, { "ID": 59, "Name": "Mark", "Surname": "Burnard", "Country": "Spain", "City": "Valencia", "Age": 90, "Registration": "2016-03-09 18:29:25" }, { "ID": 60, "Name": "Andrew", "Surname": "Hammer", "Country": "France", "City": "Marseilles", "Age": 18, "Registration": "2013-09-14 17:22:44" }, { "ID": 61, "Name": "Margaret", "Surname": "Kane", "Country": "Spain", "City": "Barcelona", "Age": 19, "Registration": "2010-04-18 00:02:29" }, { "ID": 62, "Name": "Ryan", "Surname": "Morrison", "Country": "Mexico", "City": "Puebla", "Age": 51, "Registration": "2014-11-22 00:33:00" }, { "ID": 63, "Name": "Sarah", "Surname": "Smith", "Country": "Mexico", "City": "Mexico City", "Age": 60, "Registration": "2020-07-24 13:37:21" }, { "ID": 64, "Name": "Julie", "Surname": "Hammer", "Country": "Canada", "City": "Ottawa", "Age": 28, "Registration": "2019-04-18 02:10:19" }, { "ID": 65, "Name": "Julie", "Surname": "Dunn", "Country": "France", "City": "Bordeaux", "Age": 81, "Registration": "2019-12-25 11:50:22" }, { "ID": 66, "Name": "Carl", "Surname": "Warner", "Country": "Japan", "City": "Okazaki", "Age": 70, "Registration": "2014-08-04 10:32:16" }, { "ID": 67, "Name": "Benji", "Surname": "Thompson", "Country": "China", "City": "Beijing", "Age": 51, "Registration": "2019-10-16 21:11:45" }, { "ID": 68, "Name": "Paul", "Surname": "Dunn", "Country": "Spain", "City": "Madrid", "Age": 26, "Registration": "2016-01-22 10:27:57" }, { "ID": 69, "Name": "Andrew", "Surname": "Morrison", "Country": "Canada", "City": "Toronto", "Age": 50, "Registration": "2014-12-20 20:40:45" }, { "ID": 70, "Name": "Julie", "Surname": "Anderson", "Country": "Canada", "City": "Montreal", "Age": 75, "Registration": "2020-11-17 19:25:19" }, { "ID": 71, "Name": "Sarah", "Surname": "Phillips", "Country": "Japan", "City": "Toyohashi", "Age": 46, "Registration": "2019-12-30 13:22:27" }, { "ID": 72, "Name": "Mark", "Surname": "Foreman", "Country": "China", "City": "Chongqing", "Age": 28, "Registration": "2014-06-12 22:42:46" }, { "ID": 73, "Name": "Peter", "Surname": "Phillips", "Country": "Canada", "City": "Montreal", "Age": 65, "Registration": "2017-12-02 20:30:08" }, { "ID": 74, "Name": "Sarah", "Surname": "Morrison", "Country": "Spain", "City": "Seville", "Age": 23, "Registration": "2011-11-15 23:33:31" }, { "ID": 75, "Name": "Paul", "Surname": "Gallacher", "Country": "South Africa", "City": "Kimberley", "Age": 35, "Registration": "2020-05-16 17:22:43" }, { "ID": 76, "Name": "Steve", "Surname": "Aspell", "Country": "Australia", "City": "Melbourne", "Age": 29, "Registration": "2011-09-16 10:03:32" }, { "ID": 77, "Name": "Carl", "Surname": "Foreman", "Country": "France", "City": "Paris", "Age": 43, "Registration": "2014-03-07 16:38:00" }, { "ID": 78, "Name": "Ryan", "Surname": "Foreman", "Country": "France", "City": "Paris", "Age": 70, "Registration": "2018-07-17 18:20:44" }, { "ID": 79, "Name": "Peter", "Surname": "Smith", "Country": "China", "City": "Hong Kong", "Age": 44, "Registration": "2018-11-16 11:29:02" }, { "ID": 80, "Name": "Samantha", "Surname": "Morrison", "Country": "Canada", "City": "Calgary", "Age": 88, "Registration": "2020-03-16 08:13:37" }, { "ID": 81, "Name": "Samantha", "Surname": "Chang", "Country": "China", "City": "Chongqing", "Age": 80, "Registration": "2010-03-16 15:31:05" }, { "ID": 82, "Name": "Samantha", "Surname": "Dunn", "Country": "Mexico", "City": "Mexico City", "Age": 86, "Registration": "2010-11-06 05:55:00" }, { "ID": 83, "Name": "Peter", "Surname": "Morrison", "Country": "Australia", "City": "Melbourne", "Age": 46, "Registration": "2014-03-15 22:17:57" }, { "ID": 84, "Name": "Mark", "Surname": "Dunn", "Country": "Mexico", "City": "Morelia", "Age": 18, "Registration": "2018-10-07 07:12:20" }, { "ID": 85, "Name": "Andrew", "Surname": "Chang", "Country": "England", "City": "Belfast", "Age": 28, "Registration": "2010-07-26 08:22:41" }, { "ID": 86, "Name": "Steve", "Surname": "Thompson", "Country": "Mexico", "City": "Puebla", "Age": 83, "Registration": "2017-07-08 10:36:32" }, { "ID": 87, "Name": "Mark", "Surname": "Ferguson", "Country": "Spain", "City": "Valencia", "Age": 20, "Registration": "2016-10-31 15:42:32" }, { "ID": 88, "Name": "Ivan", "Surname": "Burnard", "Country": "Australia", "City": "Sydney", "Age": 51, "Registration": "2010-01-11 00:37:06" }, { "ID": 89, "Name": "Ryan", "Surname": "Warner", "Country": "Australia", "City": "Hobart", "Age": 53, "Registration": "2015-09-15 23:58:42" }, { "ID": 90, "Name": "Carl", "Surname": "Ferguson", "Country": "England", "City": "Lancaster", "Age": 28, "Registration": "2018-10-10 01:36:50" }, { "ID": 91, "Name": "Samantha", "Surname": "Smith", "Country": "Australia", "City": "Canberra", "Age": 28, "Registration": "2021-03-19 04:21:57" }, { "ID": 92, "Name": "Ryan", "Surname": "Smith", "Country": "Japan", "City": "Tokyo", "Age": 41, "Registration": "2018-03-06 06:27:49" }, { "ID": 93, "Name": "Paul", "Surname": "Ferguson", "Country": "Mexico", "City": "Puebla", "Age": 34, "Registration": "2021-02-14 04:17:38" }, { "ID": 94, "Name": "Andrew", "Surname": "Chang", "Country": "France", "City": "Lil", "Age": 24, "Registration": "2018-09-28 05:26:20" }, { "ID": 95, "Name": "Ivan", "Surname": "Phillips", "Country": "Australia", "City": "Sydney", "Age": 72, "Registration": "2017-09-04 13:32:44" }, { "ID": 96, "Name": "Peter", "Surname": "Anderson", "Country": "England", "City": "Liverpool", "Age": 32, "Registration": "2014-05-17 17:12:35" }, { "ID": 97, "Name": "Peter", "Surname": "Warner", "Country": "Mexico", "City": "Monterrey", "Age": 67, "Registration": "2011-09-18 21:37:33" }, { "ID": 98, "Name": "Steve", "Surname": "Smith", "Country": "England", "City": "Belfast", "Age": 56, "Registration": "2010-03-21 21:13:24" }, { "ID": 99, "Name": "Anne", "Surname": "Aspell", "Country": "China", "City": "Shanghai", "Age": 81, "Registration": "2012-12-30 02:07:21" }, { "ID": 100, "Name": "Mark", "Surname": "Smith", "Country": "Honduras", "City": "Tegucigalpa", "Age": 67, "Registration": "2015-08-20 14:38:50" }]
